ID,Start,Start_pro,Function,LoF_HC_Canonical,Pfam_imp_domain,AF,AF_raw,AF_male,AF_female,AF_afr,AF_ami,AF_amr,AF_asj,AF_eas,AF_fin,AF_nfe,AF_oth,AF_sas,esp6500siv2_all,GME_AF,GME_NWA,GME_NEA,GME_AP,GME_Israel,GME_SD,GME_TP,GME_CA,AFR.sites.2015_08,AMR.sites.2015_08,ALL.sites.2015_08,EAS.sites.2015_08,EUR.sites.2015_08,SAS.sites.2015_08,MCAP,REVEL,SIFT_score,SIFT4G_score,Polyphen2_HDIV_score,Polyphen2_HVAR_score,LRT_score,MutationTaster_score,MutationAssessor_score,FATHMM_score,PROVEAN_score,VEST4_score,MetaSVM_score,MetaLR_score,MetaRNN_score,MutPred_score,MVP_score,MPC_score,PrimateAI_score,DEOGEN2_score,BayesDel_addAF_score,BayesDel_noAF_score,ClinPred_score,LIST-S2_score,CADD_raw,CADD_phred,DANN_score,fathmm-MKL_coding_score,fathmm-XF_coding_score,Eigen-raw_coding,Eigen-PC-raw_coding,GenoCanyon_score,integrated_fitCons_score,GERP++_NR,GERP++_RS,phyloP100way_vertebrate,phyloP30way_mammalian,phastCons100way_vertebrate,phastCons30way_mammalian,SiPhy_29way_logOdds,Outcome
13:51934759:G:T,51934759,1465,9,0.0,0.0,9.069e-05,9.066e-05,0.0001,8.122e-05,0,0,0.0008,0,0,0,0,0.0009,0,0,0,0,0,0,0,0,0,0,0,0.0014,0.000199681,0,0,0,,,,,,,,,,,,,,,,,,,,,,,,,,,,,,,,,,,,,,,,,0
13:51934767:G:A,51934767,1463,5,1.0,0.0,0,0,0,0,0,0,0,0,0,0,0,0,0,0,0,0,0,0,0,0,0,0,0,0,0,0,0,0,,,,,,,0.000,0.984,,,,0.689,,,,,,,,,0.528,0.521,,,8.338,42,0.992,0.914,0.135,0.892,0.704,1.000,0.758,5.35,4.49,3.650,1.176,1.000,0.997,16.135,1
13:51934768:C:T,51934768,1462,9,0.0,0.0,0,0,0,0,0,0,0,0,0,0,0,0,0,0,0,0,0,0,0,0,0,0,0,0,0,0,0,0,,,,,,,,,,,,,,,,,,,,,,,,,,,,,,,,,,,,,,,,,0
13:51934779:CTG:C,51934780,1458,4,1.0,0.0,0,0,0,0,0,0,0,0,0,0,0,0,0,0,0,0,0,0,0,0,0,0,0,0,0,0,0,0,,,,,,,,,,,,,,,,,,,,,,,,,,,,,,,,,,,,,,,,,1
13:51934817:T:TC,51934817,1446,3,1.0,0.0,0,0,0,0,0,0,0,0,0,0,0,0,0,0,0,0,0,0,0,0,0,0,0,0,0,0,0,0,,,,,,,,,,,,,,,,,,,,,,,,,,,,,,,,,,,,,,,,,1
13:51934821:C:G,51934821,1445,2,0.0,0.0,0,0,0,0,0,0,0,0,0,0,0,0,0,0,0,0,0,0,0,0,0,0,0,0,0,0,0,0,0.0458429922734,0.341,0.121,0.097,0.081,0.089,0.769,1,2.015,-0.63,-1.96,0.324,-0.900,0.217,0.127,0.275,0.684,0.142,0.295,0.508,0.098,-0.097,0.132,0.874,0.844,9.841,0.959,0.136,0.134,-0.683,-0.677,1.000,0.758,5.93,3.25,-0.105,1.026,0.000,0.001,3.084,1
13:51934829:GC:G,51934830,1442,4,1.0,0.0,0,0,0,0,0,0,0,0,0,0,0,0,0,0,0,0,0,0,0,0,0,0,0,0,0,0,0,0,,,,,,,,,,,,,,,,,,,,,,,,,,,,,,,,,,,,,,,,,1
13:51934842:G:GT,51934842,1438,3,1.0,0.0,0,0,0,0,0,0,0,0,0,0,0,0,0,0,0,0,0,0,0,0,0,0,0,0,0,0,0,0,,,,,,,,,,,,,,,,,,,,,,,,,,,,,,,,,,,,,,,,,1
13:51934843:C:T,51934843,1437,9,0.0,0.0,0.0072,0.0072,0.0066,0.0078,0.0023,0.0244,0.0058,0.0009,0,0.0054,0.0117,0.0051,0.0033,0.0077,0.003525,0.000000,0.001359,0.002924,0.000000,0.000000,0.009146,0.007576,0.0008,0.0086,0.00379393,0,0.007,0.0051,,,,,,,,,,,,,,,,,,,,,,,,,,,,,,,,,,,,,,,,,0
13:51934843:C:CT,51934843,1438,3,1.0,0.0,0,0,0,0,0,0,0,0,0,0,0,0,0,0,0,0,0,0,0,0,0,0,0,0,0,0,0,0,,,,,,,,,,,,,,,,,,,,,,,,,,,,,,,,,,,,,,,,,1
13:51934852:C:T,51934852,1434,9,0.0,0.0,0.0113,0.0113,0.0109,0.0118,0.0354,0,0.0076,0,0.0003,0,0.0001,0.0102,0,0.0130,0.014602,0.000000,0.038043,0.005848,0.000000,0.008621,0.000000,0.000000,0.0393,0.0058,0.0115815,0,0.001,0.001,,,,,,,,,,,,,,,,,,,,,,,,,,,,,,,,,,,,,,,,,0
13:51934864:AC:A,51934865,1430,4,1.0,0.0,0,0,0,0,0,0,0,0,0,0,0,0,0,0,0,0,0,0,0,0,0,0,0,0,0,0,0,0,,,,,,,,,,,,,,,,,,,,,,,,,,,,,,,,,,,,,,,,,1
13:51934870:C:CA,51934870,1429,3,1.0,0.0,0,0,0,0,0,0,0,0,0,0,0,0,0,0,0,0,0,0,0,0,0,0,0,0,0,0,0,0,,,,,,,,,,,,,,,,,,,,,,,,,,,,,,,,,,,,,,,,,1
13:51934882:A:C,51934882,1424,5,1.0,0.0,0,0,0,0,0,0,0,0,0,0,0,0,0,0,0,0,0,0,0,0,0,0,0,0,0,0,0,0,,,,,,,0.044,1,,,,0.795,,,,,,,,,0.462,0.425,,,6.999,37,0.994,0.552,0.325,0.108,-0.115,1.000,0.758,5.93,0.522,0.367,-0.515,0.615,0.798,8.884,1
13:51934912:TG:T,51934913,1415,4,1.0,0.0,0,0,0,0,0,0,0,0,0,0,0,0,0,0,0,0,0,0,0,0,0,0,0,0,0,0,0,0,,,,,,,,,,,,,,,,,,,,,,,,,,,,,,,,,,,,,,,,,1
13:51934924:C:T,51934924,1410,5,1.0,0.0,0,0,0,0,0,0,0,0,0,0,0,0,0,0,0,0,0,0,0,0,0,0,0,0,0,0,0,0,,,,,,,0.011,1,,,,0.632,,,,,,,,,0.305,0.201,,,4.632,32,0.740,0.136,0.114,-0.310,-0.754,1.000,0.758,5.93,-7.6,-1.747,-0.332,0.000,0.072,3.946,1
13:51934933:A:T,51934933,1407,2,0.0,0.0,6.981e-06,6.976e-06,1.44e-05,0,2.38e-05,0,0,0,0,0,0,0,0,0,0,0,0,0,0,0,0,0,0,0,0,0,0,0,0.0671561328214,0.369,0.083,0.126,0.533,0.188,0.000,1.000,2.535,-0.92,-2.13,0.112,-0.481,0.381,0.166,0.1,0.751,0.117,0.402,0.671,0.069,-0.139,0.418,0.889,1.330,14.60,0.961,0.791,0.378,-0.524,-0.473,1.000,0.758,5.93,1.05,0.208,0.321,0.947,0.963,8.919,0
13:51934959:TG:T,51934960,1399,4,1.0,0.0,0,0,0,0,0,0,0,0,0,0,0,0,0,0,0,0,0,0,0,0,0,0,0,0,0,0,0,0,,,,,,,,,,,,,,,,,,,,,,,,,,,,,,,,,,,,,,,,,1
13:51934969:C:G,51934969,1395,9,0.0,0.0,6.979e-06,6.974e-06,0,1.354e-05,0,0,0,0,0,0,1.548e-05,0,0,0,0,0,0,0,0,0,0,0,0,0,0.000199681,0,0.001,0,,,,,,,,,,,,,,,,,,,,,,,,,,,,,,,,,,,,,,,,,0
13:51934979:A:T,51934979,1392,2,0.0,0.0,0,0,0,0,0,0,0,0,0,0,0,0,0,0,0,0,0,0,0,0,0,0,0,0,0,0,0,0,0.0902265553133,0.402,0.347,0.763,0.001,0.007,0.000,1.000,1.905,-0.76,-2.3,0.358,-0.720,0.271,0.176,0.369,0.568,0.090,0.465,0.640,0.237,0.103,0.570,0.920,1.995,19.22,0.936,0.894,0.437,-0.316,-0.148,1.000,0.744,5.55,5.55,3.353,1.307,1.000,0.999,15.706,1
13:51934992:GC:G,51934993,1388,4,1.0,0.0,0,0,0,0,0,0,0,0,0,0,0,0,0,0,0,0,0,0,0,0,0,0,0,0,0,0,0,0,,,,,,,,,,,,,,,,,,,,,,,,,,,,,,,,,,,,,,,,,1
13:51935000:T:TC,51935000,1385,3,1.0,0.0,0,0,0,0,0,0,0,0,0,0,0,0,0,0,0,0,0,0,0,0,0,0,0,0,0,0,0,0,,,,,,,,,,,,,,,,,,,,,,,,,,,,,,,,,,,,,,,,,1
13:51935003:T:TA,51935003,1384,3,1.0,0.0,6.981e-06,6.975e-06,1.44e-05,0,0,0,7.327e-05,0,0,0,0,0,0,0,0,0,0,0,0,0,0,0,0,0,0,0,0,0,,,,,,,,,,,,,,,,,,,,,,,,,,,,,,,,,,,,,,,,,1
13:51935031:CTGGAAAGCAGGAACGCAACAGCATCTGAGCCATTCTAGAAACAAGGCTTTTTTTTTTTCTAAGCCTGGTGAAGGCCTCTCATCCATCTTTTAATAACATTCAGTATCAAAACCTCAAGAGTTTCCAAGGAAAAGGACATTAAACTCCCTATGGTTCCAGGAAAGCTCACCTGATTTAGAAACTTCCTAAGCAAATGCCTTGCACATTGTAGGCTGCCACTAACTTTTGTTAAATGAATGCACTCATAAATAAGTGAACATCTTTTTTAAATAAAAAAGTGATAGATCATACACAGGGACCCATGTCTGCTTGATGTTCACATAAACAGCCCTTGAGGAGCAGAGTAAGGGCAGCCCAGCACGTGAATGGGCAGCAGTGAATTGCCTGCTCATGGTGCTGATAAGTTACATGCATGCACACCAGGCTCCATGTGGGCTGCCACTGCAGCATTTGTCCCAGGTGAATGAATGGGAAATGAGAGGCAAGTTCCACTGTGCTAAGCATGCAGAATGACAAGGCCTCCTGGGAGCCTCCCACAGATGCTCCACCTGAGGGGACTCACCACTTGAGCTGCAGGGATGAGAGCACCACAGACACAGAGGAGGCTGCCATGGCCGCTGAGCCCATCCAGGGCTGCAGCACAATGCCGATGGGCATGAAGACACCTGGGGAAGAAAGAACTCGCACTCACACCTAGGTCTGGGGAGAGGAGCCAGGAGAGGGCTTCAGGCACCGGGCTGCCCCACCCTCAGCGGCCCCCAGTGAGGTCTCCACCTGGCGTGCTCAGAAGCCCCTGCCAATGGATCTTGCCCACAGGCCCCCCCCAAAGTGAGGCTTCCTAGAAAGCTGGGTGTGGGATGCTGTTGAGTGGGCCTGGCTCTCTTCCACTCGCCCTGATGTTCCCAGAACCACCCACAGGTGGCATCCCATTTCAGGGCGAGCTCCAGGGCAGCGACAAACCACAAGGAGTGGGAGGAGCGGGAGGAGAAAAGCGGCAGGAGCTGAGGGAGCCAGTTGCCCATCCTGTAGCCACAGTCCCACAGAGGACAAACACGGCTGAGGGCCACAGTCCTTCTCTAGCAGATGATCTCGCCTCCAGGGCTTCATGACATCTTTAGAAGAGGAATGAGAGCCAGGTCCCAGGACAGGGTCAGGAGACAGGTATGGTCAACTTTGTGTGGCAGAGGCACATACACTGGGGGAATTAAGCTCCTGAGCCGGCTCTGGGGACAAGAAGTAAACCTGCCTGACTCACTGGGCTCAGGAAGCCAAGGCCCTGTTACACAAGTCACCACTAACCACTCAGACACAAGGGAGACTGAGGCAGGAATGCTGTGATTACAAACTTGATCTCTCCTCAGCCCATGGAGGAGCACTCTGGAACTTTTCATTGCCATGTTCCTGGGGGCAGGGGGCAGGGAGCAGGGGGCGGGGGAGAGATGGTTCTTAAGGAGGGGGAATGAGGGGGAATTACAAAGCAGAAAAATCTATTTCTTTTCTTTTTCTTTTTTTCTGAGATAGGGTTTCACTCTTGCCCAGGCTACAGTACAGTGGTGCGATCATGGGTCACTGCCACCTCCAACTCCTGGGCTCAATAAATCCTTCTGCCCCAGCCTCTGTACTCCCAGATGGGACTAAGGTGTACGCTACCACGCCCAGCTAACTTTAAAATTTTTTGTAGAGATGGAGTCTCACCATGTTGCCCAGGTGAGTCTTGAACCCCTGAGCTCAAATGACCCTCCTGCCTCAGCCTCCCAAAGTGCTGGAATTACAGGCATGAGCCACCATGCCTGGTCAAAGAGCCATTTCTTTCCATGATCATTTGTGTAACTCAGAGTGAAACTTGGGCAGGATTAATGTTCAGGATAAGGTTCTGAAACACCAATAATTGTGCCTAGCATGTAGCAGATGCCCCATAATTCTTACTAATGATTATTTCTCAGACTATATGACTTAACAAATGGCTCAGAAAATAAGGCCACAATAAAATAGGGATCAGAAAATACAGCCAAGCATCTCCACTAGCTTTTTAGAAAGGACCAGAGTGAATGAAGGTTTCAGGTCCTCTCCACAGTTTCTCATTTAAAGACATATAAAGCAGGGGACATGAAAAAAAAAAAAAAACAGCCTTTCTAAAACGCCTCTAGCCAGCCAGTGAG:C,51935032,1341,4,1.0,0.0,0,0,0,0,0,0,0,0,0,0,0,0,0,0,0,0,0,0,0,0,0,0,0,0,0,0,0,0,,,,,,,,,,,,,,,,,,,,,,,,,,,,,,,,,,,,,,,,,1
13:51935599:A:C,51935599,1373,2,0.0,0.0,0,0,0,0,0,0,0,0,0,0,0,0,0,0,0,0,0,0,0,0,0,0,0,0,0,0,0,0,0.967930163739,0.985,0.0,0.0,1.0,1.0,0.000,1,4.455,-6.36,-5.12,0.997,0.980,0.990,0.989,0.88,0.988,0.445,0.764,0.943,0.579,0.595,0.999,0.979,4.293,29.5,0.993,0.982,0.951,0.868,0.776,1.000,0.626,5.23,5.23,8.815,1.207,1.000,1.000,15.285,1
13:51935599:A:G,51935599,1373,2,0.0,0.0,0,0,0,0,0,0,0,0,0,0,0,0,0,0,0,0,0,0,0,0,0,0,0,0,0,0,0,0,0.968955710763,0.984,0.0,0.0,1.0,1.0,0.000,1,3.215,-6.38,-5.98,0.996,0.985,0.990,0.992,0.918,0.993,0.464,0.784,0.908,0.571,0.583,0.999,0.968,4.358,30,0.993,0.981,0.977,0.857,0.769,1.000,0.626,5.23,5.23,8.815,1.207,1.000,1.000,15.285,1
13:51935603:G:A,51935603,1372,5,1.0,0.0,0,0,0,0,0,0,0,0,0,0,0,0,0,0,0,0,0,0,0,0,0,0,0,0,0,0,0,0,,,,,,,0.003,1,,,,0.954,,,,,,,,,0.507,0.66,,,9.260,48,0.997,0.955,0.135,1.075,0.899,1.000,0.615,5.23,5.23,6.386,1.083,1.000,0.990,18.994,1
13:51935605:A:G,51935605,1371,2,0.0,0.0,0,0,0,0,0,0,0,0,0,0,0,0,0,0,0,0,0,0,0,0,0,0,0,0,0,0,0,0,0.967645649689,0.986,0.011,0.0,1.0,1.0,0.000,1,4.38,-6.39,-5.97,0.996,0.957,0.992,0.992,0.922,0.994,0.464,0.778,0.943,0.557,0.563,0.999,0.984,4.385,31,0.994,0.981,0.978,0.924,0.803,1.000,0.615,5.23,5.23,8.815,1.207,1.000,0.976,15.285,1
13:51935607:G:A,51935607,1370,9,0.0,0.0,1.395e-05,1.395e-05,1.439e-05,1.354e-05,0,0,0,0,0,0,3.097e-05,0,0,0,0,0,0,0,0,0,0,0,0,0,0,0,0,0,,,,,,,,,,,,,,,,,,,,,,,,,,,,,,,,,,,,,,,,,0
13:51935615:G:GGACT,51935615,1368,3,1.0,0.0,0,0,0,0,0,0,0,0,0,0,0,0,0,0,0,0,0,0,0,0,0,0,0,0,0,0,0,0,,,,,,,,,,,,,,,,,,,,,,,,,,,,,,,,,,,,,,,,,1
13:51935619:CCA:C,51935620,1366,4,1.0,0.0,0,0,0,0,0,0,0,0,0,0,0,0,0,0,0,0,0,0,0,0,0,0,0,0,0,0,0,0,,,,,,,,,,,,,,,,,,,,,,,,,,,,,,,,,,,,,,,,,1
13:51935620:CACAG:C,51935621,1365,4,1.0,0.0,0,0,0,0,0,0,0,0,0,0,0,0,0,0,0,0,0,0,0,0,0,0,0,0,0,0,0,0,,,,,,,,,,,,,,,,,,,,,,,,,,,,,,,,,,,,,,,,,1
13:51935623:G:GA,51935623,1365,3,1.0,0.0,0,0,0,0,0,0,0,0,0,0,0,0,0,0,0,0,0,0,0,0,0,0,0,0,0,0,0,0,,,,,,,,,,,,,,,,,,,,,,,,,,,,,,,,,,,,,,,,,1
13:51935624:GAC:G,51935625,1365,4,1.0,0.0,0,0,0,0,0,0,0,0,0,0,0,0,0,0,0,0,0,0,0,0,0,0,0,0,0,0,0,0,,,,,,,,,,,,,,,,,,,,,,,,,,,,,,,,,,,,,,,,,1
13:51935631:AGG:A,51935632,1362,4,1.0,0.0,0,0,0,0,0,0,0,0,0,0,0,0,0,0,0,0,0,0,0,0,0,0,0,0,0,0,0,0,,,,,,,,,,,,,,,,,,,,,,,,,,,,,,,,,,,,,,,,,1
13:51935653:C:T,51935653,1355,2,0.0,0.0,6.977e-06,6.974e-06,1.44e-05,0,0,0,0,0,0.0003,0,0,0,0,0,0,0,0,0,0,0,0,0,0,0,0,0,0,0,0.887002206298,0.965,0.001,0.003,1.0,0.998,0.000,1,1.555,-5.2,-5.21,0.983,1.089,0.974,0.947,0.715,0.997,0.420,0.744,0.937,0.520,0.509,0.998,0.991,3.908,26.4,0.997,0.968,0.935,0.906,0.841,1.000,0.615,5.09,5.09,7.520,1.026,1.000,0.994,18.682,1
13:51935658:C:T,51935658,1353,5,1.0,0.0,0,0,0,0,0,0,0,0,0,0,0,0,0,0,0,0,0,0,0,0,0,0,0,0,0,0,0,0,,,,,,,0.000,1,,,,0.936,,,,,,,,,0.625,0.66,,,8.507,43,0.997,0.974,0.306,0.960,0.841,1.000,0.615,5.23,5.23,7.520,1.026,1.000,1.000,18.994,1
13:51935659:C:T,51935659,1353,5,1.0,0.0,1.395e-05,1.395e-05,0,2.707e-05,0,0,0,0,0,0,3.097e-05,0,0,0,0,0,0,0,0,0,0,0,0,0,0,0,0,0,,,,,,,0.000,1,,,,0.936,,,,,,,,,0.625,0.66,,,8.964,46,0.997,0.974,0.306,0.959,0.840,1.000,0.549,5.23,5.23,7.520,1.026,1.000,1.000,18.994,1
13:51935666:G:A,51935666,1351,5,1.0,0.0,0,0,0,0,0,0,0,0,0,0,0,0,0,0,0,0,0,0,0,0,0,0,0,0,0,0,0,0,,,,,,,0.000,1,,,,0.951,,,,,,,,,0.625,0.66,,,9.053,47,0.998,0.974,0.321,1.167,1.020,1.000,0.625,5.23,5.23,7.711,1.176,1.000,1.000,18.994,1
13:51935674:A:T,51935674,1348,2,0.0,0.0,0,0,0,0,0,0,0,0,0,0,0,0,0,0,0,0,0,0,0,0,0,0,0,0,0,0,0,0,0.677332050288,0.811,0.003,0.007,0.897,0.707,0.030,1.000,2.255,-5.24,-4.86,0.768,1.105,0.965,0.902,0.598,0.989,0.401,0.436,0.901,0.221,0.080,0.991,0.965,4.148,28.2,0.985,0.981,0.945,0.733,0.728,1.000,0.625,5.23,5.23,8.889,1.312,0.995,0.993,15.285,1
13:51935678:C:T,51935678,1347,2,0.0,0.0,4.187e-05,4.185e-05,5.759e-05,2.708e-05,0.0001,0,0,0,0,0,0,0.0005,0,0,0,0,0,0,0,0,0,0,0,0,0,0,0,0,0.909792486089,0.942,0.002,0.004,1.0,0.98,0.000,1,3.095,-7.61,-4.97,0.899,0.920,0.996,0.967,,0.992,0.367,0.612,0.922,0.135,0.337,0.833,0.991,4.209,28.7,0.994,0.951,0.762,0.926,0.841,1.000,0.625,5.13,5.13,5.804,1.026,1.000,0.989,13.094,1
13:51935693:C:CA,51935693,1342,3,1.0,0.0,0,0,0,0,0,0,0,0,0,0,0,0,0,0,0,0,0,0,0,0,0,0,0,0,0,0,0,0,,,,,,,,,,,,,,,,,,,,,,,,,,,,,,,,,,,,,,,,,1
13:51935695:C:A,51935695,1341,2,0.0,0.0,0,0,0,0,0,0,0,0,0,0,0,0,0,0,0,0,0,0,0,0,0,0,0,0,0,0,0,0,,0.967,0.0,0.0,1.0,1.0,0.000,1,2.8,-6.35,-7.87,0.99,1.035,0.987,0.990,0.883,0.999,0.407,0.783,0.904,0.550,0.552,0.999,0.994,5.317,33,0.989,0.975,0.954,0.848,0.782,1.000,0.625,5.13,5.13,7.520,1.026,1.000,0.916,18.759,1
13:51935695:C:T,51935695,1341,2,0.0,0.0,1.396e-05,1.395e-05,2.88e-05,0,0,0,0,0,0,0,3.097e-05,0,0,0,0,0,0,0,0,0,0,0,0,0,0,0,0,0,,0.983,0.0,0.0,1.0,1.0,0.000,1,4.245,-6.2,-6.12,0.984,0.980,0.991,0.991,0.91,0.998,0.418,0.827,0.944,0.521,0.580,0.997,0.991,4.756,32,0.997,0.971,0.946,0.965,0.858,1.000,0.625,5.13,5.13,7.520,1.026,1.000,0.916,18.759,1
13:51937276:C:T,51937276,1341,2,0.0,0.0,6.979e-06,6.975e-06,1.44e-05,0,0,0,0,0,0,0,0,0,0.0003,0,0,0,0,0,0,0,0,0,0,0,0,0,0,0,0.925627479703,0.967,0.0,0.0,1.0,1.0,0.000,1,2.635,-6.3,-5.25,0.969,1.010,0.990,0.988,0.863,0.998,0.368,0.773,0.900,0.480,0.549,0.998,0.994,5.089,33,0.991,0.985,0.973,0.869,0.769,1.000,0.615,5.34,5.34,7.858,1.026,1.000,0.834,19.421,1
13:51937291:AT:A,51937292,1336,4,1.0,0.0,0,0,0,0,0,0,0,0,0,0,0,0,0,0,0,0,0,0,0,0,0,0,0,0,0,0,0,0,,,,,,,,,,,,,,,,,,,,,,,,,,,,,,,,,,,,,,,,,1
13:51937291:T:TCGCAACCCATTATAA,51937291,1336,5,1.0,0.0,0,0,0,0,0,0,0,0,0,0,0,0,0,0,0,0,0,0,0,0,0,0,0,0,0,0,0,0,,,,,,,,,,,,,,,,,,,,,,,,,,,,,,,,,,,,,,,,,1
13:51937298:C:T,51937298,1333,9,0.0,0.0,0,0,0,0,0,0,0,0,0,0,0,0,0,0,0,0,0,0,0,0,0,0,0,0,0,0,0,0,,,,,,,,,,,,,,,,,,,,,,,,,,,,,,,,,,,,,,,,,0
13:51937304:TATAA:T,51937305,1331,4,1.0,0.0,0,0,0,0,0,0,0,0,0,0,0,0,0,0,0,0,0,0,0,0,0,0,0,0,0,0,0,0,,,,,,,,,,,,,,,,,,,,,,,,,,,,,,,,,,,,,,,,,1
13:51937304:A:C,51937304,1331,5,1.0,0.0,0,0,0,0,0,0,0,0,0,0,0,0,0,0,0,0,0,0,0,0,0,0,0,0,0,0,0,0,,,,,,,0.000,1,,,,0.949,,,,,,,,,0.625,0.66,,,6.792,36,0.994,0.855,0.437,0.238,-0.010,0.992,0.706,5.34,-4.1,0.282,0.315,0.981,0.999,14.506,1
13:51937312:G:A,51937312,1329,9,0.0,0.0,0,0,0,0,0,0,0,0,0,0,0,0,0,0,0,0,0,0,0,0,0,0,0,0,0,0,0,0,,,,,,,,,,,,,,,,,,,,,,,,,,,,,,,,,,,,,,,,,0
13:51937323:A:AG,51937323,1325,3,1.0,0.0,0,0,0,0,0,0,0,0,0,0,0,0,0,0,0,0,0,0,0,0,0,0,0,0,0,0,0,0,,,,,,,,,,,,,,,,,,,,,,,,,,,,,,,,,,,,,,,,,1
13:51937342:G:A,51937342,1319,5,1.0,0.0,8.378e-05,8.371e-05,0.0001,5.417e-05,9.523e-05,0,0,0,0,0,0.0001,0,0,0.0002,0,0,0,0,0,0,0,0,0,0,0,0,0,0,,,,,,,0.000,1,,,,0.955,,,,,,,,,0.447,0.66,,,5.990,35,0.982,0.079,0.114,-0.106,-0.405,0.952,0.706,5.34,-0.317,-0.762,0.222,0.000,0.942,5.003,1
13:51937349:TC:T,51937350,1317,4,1.0,0.0,0,0,0,0,0,0,0,0,0,0,0,0,0,0,0,0,0,0,0,0,0,0,0,0,0,0,0,0,,,,,,,,,,,,,,,,,,,,,,,,,,,,,,,,,,,,,,,,,1
13:51937354:TTG:T,51937355,1314,5,1.0,0.0,0,0,0,0,0,0,0,0,0,0,0,0,0,0,0,0,0,0,0,0,0,0,0,0,0,0,0,0,,,,,,,,,,,,,,,,,,,,,,,,,,,,,,,,,,,,,,,,,1
13:51937474:CACTCTGATAAGGACGACGTCGGCTGCCTCGATGGCCACATCCGTGCCGGTGCCAATGGCCACACCCATGTCTGCCTGGGCCAAGGCCGGGGAGTCATTGACCCCATCCCCCACCATGGCGACTTTCTTCCCTTTATTCTGGAGCTCCTGGACCTTGGCCACCTTGTGCGAAGGCAGCACCTCTGCAAAGACTTTGTTGATGCCA:C,51937475,1234,4,1.0,1.0,0,0,0,0,0,0,0,0,0,0,0,0,0,0,0,0,0,0,0,0,0,0,0,0,0,0,0,0,,,,,,,,,,,,,,,,,,,,,,,,,,,,,,,,,,,,,,,,,1
13:51937475:AC:A,51937476,1302,4,1.0,1.0,0,0,0,0,0,0,0,0,0,0,0,0,0,0,0,0,0,0,0,0,0,0,0,0,0,0,0,0,,,,,,,,,,,,,,,,,,,,,,,,,,,,,,,,,,,,,,,,,1
13:51937477:C:CT,51937477,1301,3,1.0,1.0,0,0,0,0,0,0,0,0,0,0,0,0,0,0,0,0,0,0,0,0,0,0,0,0,0,0,0,0,,,,,,,,,,,,,,,,,,,,,,,,,,,,,,,,,,,,,,,,,1
13:51937484:AG:A,51937485,1300,4,1.0,1.0,0,0,0,0,0,0,0,0,0,0,0,0,0,0,0,0,0,0,0,0,0,0,0,0,0,0,0,0,,,,,,,,,,,,,,,,,,,,,,,,,,,,,,,,,,,,,,,,,1
13:51937488:G:A,51937488,1297,9,0.0,1.0,0.0105,0.0105,0.0100,0.0109,0.0340,0,0.0029,0,0.0003,0,0.0001,0.0116,0,0.0111,0.005035,0.015152,0.005435,0.005848,0.000000,0.000000,0.000000,0.003788,0.0439,0.0014,0.0117812,0,0,0,,,,,,,,,,,,,,,,,,,,,,,,,,,,,,,,,,,,,,,,,0
13:51937490:C:T,51937490,1297,2,0.0,1.0,0.0019,0.0019,0.0025,0.0013,0.0006,0,0,0,0.0201,0.0154,0.0003,0.0005,0.0013,0.0005,0.003021,0.005051,0.004076,0.000000,0.000000,0.000000,0.009146,0.000000,0,0,0.00339457,0.0149,0.001,0.001,,0.506,0.351,0.731,0.871,0.268,0.000,0.991,-0.03,-5.96,-0.51,0.462,0.657,0.848,0.013,,0.523,0.055,0.485,0.360,-0.253,-0.120,0.029,0.901,1.274,14.20,0.724,0.854,0.246,-0.316,-0.249,0.997,0.615,4.73,3.88,1.741,1.026,0.858,0.045,9.725,0
13:51937494:G:A,51937494,1295,9,0.0,1.0,4.187e-05,4.185e-05,5.76e-05,2.708e-05,0,0,0,0.0003,0,0,7.742e-05,0,0,0,0.001511,0.000000,0.002717,0.002924,0.000000,0.000000,0.000000,0.000000,0,0,0,0,0,0,,,,,,,,,,,,,,,,,,,,,,,,,,,,,,,,,,,,,,,,,0
13:51937495:G:A,51937495,1295,2,0.0,1.0,0,0,0,0,0,0,0,0,0,0,0,0,0,0,0,0,0,0,0,0,0,0,0,0,0,0,0,0,0.957213293472,0.961,0.001,0.001,1.0,1.0,0.000,1,4.54,-6.35,-3.63,0.968,0.987,0.990,0.992,0.87,0.991,0.376,0.678,0.942,0.573,0.585,0.999,0.989,3.494,24.7,0.996,0.981,0.948,0.783,0.627,1.000,0.615,4.73,4.73,8.099,1.176,1.000,0.113,18.245,1
13:51937498:TG:T,51937499,1294,4,1.0,1.0,0,0,0,0,0,0,0,0,0,0,0,0,0,0,0,0,0,0,0,0,0,0,0,0,0,0,0,0,,,,,,,,,,,,,,,,,,,,,,,,,,,,,,,,,,,,,,,,,1
13:51937503:CGATGGCCACATCCGTGCCGGTGCCAA:C,51937504,1284,4,1.0,1.0,0,0,0,0,0,0,0,0,0,0,0,0,0,0,0,0,0,0,0,0,0,0,0,0,0,0,0,0,,,,,,,,,,,,,,,,,,,,,,,,,,,,,,,,,,,,,,,,,1
13:51937506:TG:T,51937507,1292,4,1.0,1.0,0,0,0,0,0,0,0,0,0,0,0,0,0,0,0,0,0,0,0,0,0,0,0,0,0,0,0,0,,,,,,,,,,,,,,,,,,,,,,,,,,,,,,,,,,,,,,,,,1
13:51937509:CCA:C,51937510,1290,4,1.0,1.0,0,0,0,0,0,0,0,0,0,0,0,0,0,0,0,0,0,0,0,0,0,0,0,0,0,0,0,0,,,,,,,,,,,,,,,,,,,,,,,,,,,,,,,,,,,,,,,,,1
13:51937516:G:C,51937516,1288,2,0.0,1.0,0,0,0,0,0,0,0,0,0,0,0,0,0,0,0,0,0,0,0,0,0,0,0,0,0,0,0,0,0.937179053041,0.961,0.0,0.001,1.0,1.0,0.000,1,3.905,-4.38,-5.45,0.956,1.087,0.967,0.994,0.926,0.999,0.397,0.693,0.930,0.576,0.590,1.000,0.989,3.607,25.1,0.981,0.991,0.946,0.893,0.740,1.000,0.615,4.73,4.73,9.924,1.176,1.000,0.806,18.245,1
13:51937520:C:T,51937520,1287,2,0.0,1.0,9.07e-05,9.067e-05,0.0001,8.123e-05,0.0002,0,0,0,0,0,4.645e-05,0,0,0,0,0,0,0,0,0,0,0,0,0,0,0,0,0,0.907465476708,0.898,0.0,0.0,1.0,1.0,0.000,1,3.215,-4.7,-5.45,0.984,1.097,0.955,0.955,,0.997,0.376,0.793,0.895,0.351,0.572,0.881,0.998,3.358,24.3,0.972,0.972,0.893,0.439,0.311,1.000,0.626,4.73,3.88,7.845,1.026,1.000,0.519,13.264,1
13:51937521:G:C,51937521,1286,9,0.0,1.0,0,0,0,0,0,0,0,0,0,0,0,0,0,0,0,0,0,0,0,0,0,0,0,0,0,0,0,0,,,,,,,,,,,,,,,,,,,,,,,,,,,,,,,,,,,,,,,,,0
13:51937535:C:CA,51937535,1282,3,1.0,1.0,0,0,0,0,0,0,0,0,0,0,0,0,0,0,0,0,0,0,0,0,0,0,0,0,0,0,0,0,,,,,,,,,,,,,,,,,,,,,,,,,,,,,,,,,,,,,,,,,1
13:51937539:C:CTA,51937539,1280,3,1.0,1.0,0,0,0,0,0,0,0,0,0,0,0,0,0,0,0,0,0,0,0,0,0,0,0,0,0,0,0,0,,,,,,,,,,,,,,,,,,,,,,,,,,,,,,,,,,,,,,,,,1
13:51937542:G:GT,51937542,1279,3,1.0,1.0,0,0,0,0,0,0,0,0,0,0,0,0,0,0,0,0,0,0,0,0,0,0,0,0,0,0,0,0,,,,,,,,,,,,,,,,,,,,,,,,,,,,,,,,,,,,,,,,,1
13:51937550:G:A,51937550,1277,5,1.0,1.0,0,0,0,0,0,0,0,0,0,0,0,0,0,0,0,0,0,0,0,0,0,0,0,0,0,0,0,0,,,,,,,0.424,1,,,,0.991,,,,,,,,,0.625,0.66,,,7.924,40,0.996,0.232,0.252,0.597,0.347,0.996,0.706,4.73,3.81,0.667,1.176,0.002,0.827,10.653,1
13:51937561:G:C,51937561,1273,2,0.0,1.0,0,0,0,0,0,0,0,0,0,0,0,0,0,0,0,0,0,0,0,0,0,0,0,0,0,0,0,0,0.868659447094,0.965,0.0,0.001,1.0,1.0,0.000,1,4.42,-4.56,-8.17,0.977,1.080,0.972,0.995,0.9,0.997,0.385,0.621,0.972,0.582,0.598,1.000,0.977,3.965,26.7,0.993,0.991,0.945,0.890,0.744,1.000,0.706,4.73,4.73,9.940,1.176,1.000,0.378,18.245,1
13:51937561:G:T,51937561,1273,2,0.0,1.0,6.978e-06,6.975e-06,0,1.354e-05,0,0,0,0,0.0003,0,0,0,0,0,0.000504,0.000000,0.000000,0.000000,0.000000,0.000000,0.000000,0.000000,0,0,0,0,0,0,0.838278888003,0.945,0.0,0.001,1.0,1.0,0.000,1,3.14,-4.54,-7.26,0.937,1.101,0.956,0.996,0.965,0.997,0.366,0.568,0.968,0.572,0.584,0.998,0.975,3.940,26.6,0.976,0.990,0.942,0.762,0.663,1.000,0.706,4.73,4.73,9.940,1.176,1.000,0.378,18.245,1
13:51937561:G:A,51937561,1273,2,0.0,1.0,3.489e-05,3.487e-05,7.199e-05,0,0.0001,0,0,0,0,0,0,0,0,0,0,0,0,0,0,0,0,0,0,0,0,0,0,0,0.80334987173,0.928,0.0,0.001,1.0,1.0,0.000,1,2.605,-4.56,-9.08,0.966,1.101,0.956,0.985,,0.994,0.380,0.622,0.948,0.393,0.563,0.999,0.988,4.065,27.5,0.996,0.988,0.940,0.762,0.663,1.000,0.706,4.73,4.73,9.940,1.176,1.000,0.378,18.245,1
13:51937562:G:A,51937562,1273,2,0.0,1.0,6.976e-06,6.974e-06,1.439e-05,0,2.377e-05,0,0,0,0,0,0,0,0,0,0,0,0,0,0,0,0,0,0,0,0,0,0,0,0.846883593923,0.957,0.0,0.004,1.0,1.0,0.000,1,3.525,-4.44,-7.26,0.925,1.097,0.953,0.996,0.968,0.996,0.378,0.563,0.968,0.580,0.595,0.996,0.982,3.876,26.2,0.997,0.988,0.942,0.802,0.693,1.000,0.706,4.73,4.73,9.940,1.176,1.000,0.442,18.245,1
13:51937570:T:G,51937570,1270,2,0.0,1.0,0,0,0,0,0,0,0,0,0,0,0,0,0,0,0,0,0,0,0,0,0,0,0,0,0,0,0,0,0.883072243172,0.924,0.0,0.0,1.0,1.0,0.000,1,4.17,-4.97,-5.45,0.969,1.087,0.971,0.996,0.973,0.998,0.379,0.565,0.971,0.408,0.349,0.999,0.978,3.555,24.9,0.978,0.981,0.935,0.628,0.445,1.000,0.706,4.73,4.73,7.969,1.138,1.000,0.148,14.668,1
